{
  "n_runs": 5,
  "seeds": [
    42,
    134,
    456,
    321,
    712
  ],
  "summary": {
    "MSE": {
      "mean": 77.1941421508789,
      "std": 3.061886700211035,
      "formatted": "77.194142 ± 3.061887"
    },
    "MAE": {
      "mean": 6.131738758087158,
      "std": 0.11513619385484752,
      "formatted": "6.131739 ± 0.115136"
    },
    "RMSE": {
      "mean": 8.784299659729005,
      "std": 0.17383446893160232,
      "formatted": "8.784300 ± 0.173834"
    },
    "R2": {
      "mean": 0.33918810579483893,
      "std": 0.026210944100676002,
      "formatted": "0.339188 ± 0.026211"
    },
    "scaled_MSE": {
      "mean": 0.9116415619850159,
      "std": 0.03616002746832785,
      "formatted": "0.911642 ± 0.036160"
    },
    "scaled_MAE": {
      "mean": 0.6663517117500305,
      "std": 0.012512138737156507,
      "formatted": "0.666352 ± 0.012512"
    },
    "scaled_RMSE": {
      "mean": 0.9546123147010803,
      "std": 0.018891022265501392,
      "formatted": "0.954612 ± 0.018891"
    },
    "scaled_R2": {
      "mean": 0.3391881035717148,
      "std": 0.026210942980351745,
      "formatted": "0.339188 ± 0.026211"
    },
    "n_test": {
      "value": 2612
    }
  }
}