{
  "n_runs": 5,
  "seeds": [
    42,
    134,
    321,
    456,
    712
  ],
  "summary": {
    "MSE": {
      "mean": 76.0489273071289,
      "std": 5.7114393445319696,
      "formatted": "76.048927 ± 5.711439"
    },
    "MAE": {
      "mean": 6.022447967529297,
      "std": 0.30480022964986375,
      "formatted": "6.022448 ± 0.304800"
    },
    "RMSE": {
      "mean": 8.714534950256347,
      "std": 0.32527828167895856,
      "formatted": "8.714535 ± 0.325278"
    },
    "R2": {
      "mean": 0.3482817146327288,
      "std": 0.04894545073327372,
      "formatted": "0.348282 ± 0.048945"
    },
    "scaled_MSE": {
      "mean": 0.9066737532615662,
      "std": 0.06809313076580564,
      "formatted": "0.906674 ± 0.068093"
    },
    "scaled_MAE": {
      "mean": 0.6575851798057556,
      "std": 0.03328081596701308,
      "formatted": "0.657585 ± 0.033281"
    },
    "scaled_RMSE": {
      "mean": 0.9515315532684326,
      "std": 0.03551679347924805,
      "formatted": "0.951532 ± 0.035517"
    },
    "scaled_R2": {
      "mean": 0.34828172022026893,
      "std": 0.04894544929166913,
      "formatted": "0.348282 ± 0.048945"
    },
    "n_test": {
      "value": 2612
    }
  }
}