{
  "n_runs": 5,
  "seeds": [
    42,
    134,
    456,
    321,
    712
  ],
  "summary": {
    "MSE": {
      "mean": 81.41581878662109,
      "std": 9.70553013633565,
      "formatted": "81.415819 ± 9.705530"
    },
    "MAE": {
      "mean": 6.381474494934082,
      "std": 0.5143480851461346,
      "formatted": "6.381474 ± 0.514348"
    },
    "RMSE": {
      "mean": 9.00758399963379,
      "std": 0.5284429205949617,
      "formatted": "9.007584 ± 0.528443"
    },
    "R2": {
      "mean": 0.3030489091057716,
      "std": 0.08308310787314914,
      "formatted": "0.303049 ± 0.083083"
    },
    "scaled_MSE": {
      "mean": 0.9614983916282653,
      "std": 0.11461963558169666,
      "formatted": "0.961498 ± 0.114620"
    },
    "scaled_MAE": {
      "mean": 0.6934911608695984,
      "std": 0.055895525182616666,
      "formatted": "0.693491 ± 0.055896"
    },
    "scaled_RMSE": {
      "mean": 0.9788771748542786,
      "std": 0.057427232930013256,
      "formatted": "0.978877 ± 0.057427"
    },
    "scaled_R2": {
      "mean": 0.30304891176614035,
      "std": 0.08308310394918203,
      "formatted": "0.303049 ± 0.083083"
    },
    "n_test": {
      "value": 2612
    }
  }
}