{
  "n_runs": 1,
  "seeds": [
    42
  ],
  "summary": {
    "MSE": {
      "mean": 70.42713928222656,
      "std": 0.0,
      "formatted": "70.427139"
    },
    "MAE": {
      "mean": 5.850899696350098,
      "std": 0.0,
      "formatted": "5.850900"
    },
    "RMSE": {
      "mean": 8.392087936401367,
      "std": 0.0,
      "formatted": "8.392088"
    },
    "R2": {
      "mean": 0.3964589500414445,
      "std": 0.0,
      "formatted": "0.396459"
    },
    "scaled_MSE": {
      "mean": 0.8396493196487427,
      "std": 0.0,
      "formatted": "0.839649"
    },
    "scaled_MAE": {
      "mean": 0.6388540267944336,
      "std": 0.0,
      "formatted": "0.638854"
    },
    "scaled_RMSE": {
      "mean": 0.9163237810134888,
      "std": 0.0,
      "formatted": "0.916324"
    },
    "scaled_R2": {
      "mean": 0.39645895703224854,
      "std": 0.0,
      "formatted": "0.396459"
    },
    "n_test": {
      "value": 2612
    }
  }
}