{
  "raw_dataset": "/gpfs/projects/p32954/dimf_liquid_sugar_repo-490/data/processed/LiquidSugar_local_bump_mixed_balanced_evalsafe_segmentsplit_v3_rawgap.csv",
  "edge": "stage1_to_stage2",
  "n_test_rows_raw": 3370,
  "n_test_samples_compared": {
    "aligned": 2612,
    "noalign": 2612
  },
  "forecast_metrics": {
    "aligned": {
      "MAE": 6.229844570159912,
      "RMSE": 8.800329208374023,
      "R2": 0.33703380582385767
    },
    "noalign": {
      "MAE": 5.757462501525879,
      "RMSE": 8.284246444702148,
      "R2": 0.4125112998455652
    }
  },
  "lag_recovery": {
    "aligned": {
      "overall": {
        "n": 2612,
        "expected_lag_mae": 1.074831563187596,
        "expected_lag_rmse": 1.3012337462672448,
        "argmax_lag_mae": 0.0708269525267994,
        "argmax_lag_accuracy": 0.9670750382848392,
        "mean_pred_entropy": 0.9904178297136892,
        "mean_pred_expected_lag": 1.0599892979885146
      },
      "lagged_only": {
        "n": 48,
        "expected_lag_mae": 1.7725386781249999,
        "expected_lag_rmse": 2.3330370820748754,
        "argmax_lag_mae": 2.6666666666666665,
        "argmax_lag_accuracy": 0.0,
        "mean_pred_entropy": 0.9873542594571529,
        "mean_pred_expected_lag": 0.9648720802083334
      },
      "no_lag_only": {
        "n": 2564,
        "expected_lag_mae": 1.0617699635319813,
        "expected_lag_rmse": 1.273973787282215,
        "argmax_lag_mae": 0.022230889235569422,
        "argmax_lag_accuracy": 0.985179407176287,
        "mean_pred_entropy": 0.9904751820429847,
        "mean_pred_expected_lag": 1.0617699635319813
      },
      "per_lag": [
        {
          "model": "aligned",
          "lag_gt": 0,
          "n": 2564,
          "expected_lag_mae": 1.0617699635319813,
          "expected_lag_rmse": 1.273973787282215,
          "argmax_lag_mae": 0.022230889235569422,
          "argmax_lag_accuracy": 0.985179407176287,
          "mean_pred_entropy": 0.9904751820429847,
          "mean_pred_expected_lag": 1.0617699635319813
        },
        {
          "model": "aligned",
          "lag_gt": 1,
          "n": 12,
          "expected_lag_mae": 0.4237656408333333,
          "expected_lag_rmse": 0.5132421114248634,
          "argmax_lag_mae": 1.0,
          "argmax_lag_accuracy": 0.0,
          "mean_pred_entropy": 0.8373019402178955,
          "mean_pred_expected_lag": 0.8014491424999998
        },
        {
          "model": "aligned",
          "lag_gt": 2,
          "n": 16,
          "expected_lag_mae": 1.049710484375,
          "expected_lag_rmse": 1.188791845254827,
          "argmax_lag_mae": 2.0,
          "argmax_lag_accuracy": 0.0,
          "mean_pred_entropy": 0.9705143762488746,
          "mean_pred_expected_lag": 0.9936107031250001
        },
        {
          "model": "aligned",
          "lag_gt": 3,
          "n": 8,
          "expected_lag_mae": 1.95985676625,
          "expected_lag_rmse": 2.056106777154019,
          "argmax_lag_mae": 3.0,
          "argmax_lag_accuracy": 0.0,
          "mean_pred_entropy": 1.1077272314034534,
          "mean_pred_expected_lag": 1.04014323375
        },
        {
          "model": "aligned",
          "lag_gt": 4,
          "n": 4,
          "expected_lag_mae": 3.0528305,
          "expected_lag_rmse": 3.06227460762263,
          "argmax_lag_mae": 4.0,
          "argmax_lag_accuracy": 0.0,
          "mean_pred_entropy": 1.0622578515252141,
          "mean_pred_expected_lag": 0.9471695000000001
        },
        {
          "model": "aligned",
          "lag_gt": 5,
          "n": 4,
          "expected_lag_mae": 3.94392505,
          "expected_lag_rmse": 4.045152587111113,
          "argmax_lag_mae": 5.0,
          "argmax_lag_accuracy": 0.0,
          "mean_pred_entropy": 1.0646711946025669,
          "mean_pred_expected_lag": 1.05607495
        },
        {
          "model": "aligned",
          "lag_gt": 6,
          "n": 4,
          "expected_lag_mae": 4.883856195,
          "expected_lag_rmse": 4.967660649865376,
          "argmax_lag_mae": 6.0,
          "argmax_lag_accuracy": 0.0,
          "mean_pred_entropy": 1.1119042789019626,
          "mean_pred_expected_lag": 1.116143805
        }
      ]
    },
    "noalign": {
      "overall": {
        "n": 2612,
        "expected_lag_mae": 0.04900459418070444,
        "expected_lag_rmse": 0.41782635959063136,
        "argmax_lag_mae": 0.04900459418070444,
        "argmax_lag_accuracy": 0.9816232771822359,
        "mean_pred_entropy": 6.355134856663565e-10,
        "mean_pred_expected_lag": 0.0
      },
      "lagged_only": {
        "n": 48,
        "expected_lag_mae": 2.6666666666666665,
        "expected_lag_rmse": 3.082207001484488,
        "argmax_lag_mae": 2.6666666666666665,
        "argmax_lag_accuracy": 0.0,
        "mean_pred_entropy": 6.355134856663565e-10,
        "mean_pred_expected_lag": 0.0
      },
      "no_lag_only": {
        "n": 2564,
        "expected_lag_mae": 0.0,
        "expected_lag_rmse": 0.0,
        "argmax_lag_mae": 0.0,
        "argmax_lag_accuracy": 1.0,
        "mean_pred_entropy": 6.355134856663565e-10,
        "mean_pred_expected_lag": 0.0
      },
      "per_lag": [
        {
          "model": "noalign",
          "lag_gt": 0,
          "n": 2564,
          "expected_lag_mae": 0.0,
          "expected_lag_rmse": 0.0,
          "argmax_lag_mae": 0.0,
          "argmax_lag_accuracy": 1.0,
          "mean_pred_entropy": 6.355134856663565e-10,
          "mean_pred_expected_lag": 0.0
        },
        {
          "model": "noalign",
          "lag_gt": 1,
          "n": 12,
          "expected_lag_mae": 1.0,
          "expected_lag_rmse": 1.0,
          "argmax_lag_mae": 1.0,
          "argmax_lag_accuracy": 0.0,
          "mean_pred_entropy": 6.355134856663565e-10,
          "mean_pred_expected_lag": 0.0
        },
        {
          "model": "noalign",
          "lag_gt": 2,
          "n": 16,
          "expected_lag_mae": 2.0,
          "expected_lag_rmse": 2.0,
          "argmax_lag_mae": 2.0,
          "argmax_lag_accuracy": 0.0,
          "mean_pred_entropy": 6.355134856663565e-10,
          "mean_pred_expected_lag": 0.0
        },
        {
          "model": "noalign",
          "lag_gt": 3,
          "n": 8,
          "expected_lag_mae": 3.0,
          "expected_lag_rmse": 3.0,
          "argmax_lag_mae": 3.0,
          "argmax_lag_accuracy": 0.0,
          "mean_pred_entropy": 6.355134856663565e-10,
          "mean_pred_expected_lag": 0.0
        },
        {
          "model": "noalign",
          "lag_gt": 4,
          "n": 4,
          "expected_lag_mae": 4.0,
          "expected_lag_rmse": 4.0,
          "argmax_lag_mae": 4.0,
          "argmax_lag_accuracy": 0.0,
          "mean_pred_entropy": 6.355134856663565e-10,
          "mean_pred_expected_lag": 0.0
        },
        {
          "model": "noalign",
          "lag_gt": 5,
          "n": 4,
          "expected_lag_mae": 5.0,
          "expected_lag_rmse": 5.0,
          "argmax_lag_mae": 5.0,
          "argmax_lag_accuracy": 0.0,
          "mean_pred_entropy": 6.355134856663565e-10,
          "mean_pred_expected_lag": 0.0
        },
        {
          "model": "noalign",
          "lag_gt": 6,
          "n": 4,
          "expected_lag_mae": 6.0,
          "expected_lag_rmse": 6.0,
          "argmax_lag_mae": 6.0,
          "argmax_lag_accuracy": 0.0,
          "mean_pred_entropy": 6.355134856663565e-10,
          "mean_pred_expected_lag": 0.0
        }
      ]
    }
  },
  "per_lag_comparison": [
    {
      "lag_gt": 0,
      "n": 2564,
      "aligned_expected_lag_mae": 1.0617699635319813,
      "noalign_expected_lag_mae": 0.0,
      "aligned_argmax_lag_accuracy": 0.985179407176287,
      "noalign_argmax_lag_accuracy": 1.0,
      "aligned_mean_pred_expected_lag": 1.0617699635319813,
      "noalign_mean_pred_expected_lag": 0.0
    },
    {
      "lag_gt": 1,
      "n": 12,
      "aligned_expected_lag_mae": 0.4237656408333333,