{
  "raw_dataset": "/gpfs/projects/p32954/dimf_liquid_sugar_repo-490/data/processed/LiquidSugar_local_bump_mixed_balanced_evalsafe_segmentsplit_v3_rawgap.csv",
  "edge": "stage1_to_stage2",
  "n_test_rows_raw": 3370,
  "n_test_samples_compared": {
    "aligned": 2612,
    "noalign": 2612
  },
  "forecast_metrics": {
    "aligned": {
      "MAE": 7.303085803985596,
      "RMSE": 9.941304206848145,
      "R2": 0.15398084076483276
    },
    "noalign": {
      "MAE": 6.1518049240112305,
      "RMSE": 8.65414810180664,
      "R2": 0.3588759109853179
    }
  },
  "lag_recovery": {
    "aligned": {
      "overall": {
        "n": 2612,
        "expected_lag_mae": 0.2818163074467841,
        "expected_lag_rmse": 0.5318541654353733,
        "argmax_lag_mae": 0.05053598774885146,
        "argmax_lag_accuracy": 0.9800918836140888,
        "mean_pred_entropy": 0.3215740216547741,
        "mean_pred_expected_lag": 0.2413531994858346
      },
      "lagged_only": {
        "n": 48,
        "expected_lag_mae": 2.4342670624375002,
        "expected_lag_rmse": 2.8586510987997094,
        "argmax_lag_mae": 2.6666666666666665,
        "argmax_lag_accuracy": 0.0,
        "mean_pred_entropy": 0.34611550966958465,
        "mean_pred_expected_lag": 0.23239960422916664
      },
      "no_lag_only": {
        "n": 2564,
        "expected_lag_mae": 0.24152081749375973,
        "expected_lag_rmse": 0.3676690669783704,
        "argmax_lag_mae": 0.0015600624024961,
        "argmax_lag_accuracy": 0.9984399375975039,
        "mean_pred_entropy": 0.3211145866217355,
        "mean_pred_expected_lag": 0.24152081749375973
      },
      "per_lag": [
        {
          "model": "aligned",
          "lag_gt": 0,
          "n": 2564,
          "expected_lag_mae": 0.24152081749375973,
          "expected_lag_rmse": 0.3676690669783704,
          "argmax_lag_mae": 0.0015600624024961,
          "argmax_lag_accuracy": 0.9984399375975039,
          "mean_pred_entropy": 0.3211145866217355,
          "mean_pred_expected_lag": 0.24152081749375973
        },
        {
          "model": "aligned",
          "lag_gt": 1,
          "n": 12,
          "expected_lag_mae": 0.8511277645833332,
          "expected_lag_rmse": 0.857034695235618,
          "argmax_lag_mae": 1.0,
          "argmax_lag_accuracy": 0.0,
          "mean_pred_entropy": 0.24755930110466293,
          "mean_pred_expected_lag": 0.14887223541666667
        },
        {
          "model": "aligned",
          "lag_gt": 2,
          "n": 16,
          "expected_lag_mae": 1.7837789696875,
          "expected_lag_rmse": 1.7940793656723415,
          "argmax_lag_mae": 2.0,
          "argmax_lag_accuracy": 0.0,
          "mean_pred_entropy": 0.32029375885546374,
          "mean_pred_expected_lag": 0.2162210303125
        },
        {
          "model": "aligned",
          "lag_gt": 3,
          "n": 8,
          "expected_lag_mae": 2.718856256375,
          "expected_lag_rmse": 2.727425760254043,
          "argmax_lag_mae": 3.0,
          "argmax_lag_accuracy": 0.0,
          "mean_pred_entropy": 0.41878346828020746,
          "mean_pred_expected_lag": 0.281143743625
        },
        {
          "model": "aligned",
          "lag_gt": 4,
          "n": 4,
          "expected_lag_mae": 3.76706237875,
          "expected_lag_rmse": 3.7701640159689087,
          "argmax_lag_mae": 4.0,
          "argmax_lag_accuracy": 0.0,
          "mean_pred_entropy": 0.42134504286958174,
          "mean_pred_expected_lag": 0.23293762125
        },
        {
          "model": "aligned",
          "lag_gt": 5,
          "n": 4,
          "expected_lag_mae": 4.646524771499999,
          "expected_lag_rmse": 4.654758629565119,
          "argmax_lag_mae": 5.0,
          "argmax_lag_accuracy": 0.0,
          "mean_pred_entropy": 0.44183073924503075,
          "mean_pred_expected_lag": 0.3534752285
        },
        {
          "model": "aligned",
          "lag_gt": 6,
          "n": 4,
          "expected_lag_mae": 5.671405913749999,
          "expected_lag_rmse": 5.676760309012093,
          "argmax_lag_mae": 6.0,
          "argmax_lag_accuracy": 0.0,
          "mean_pred_entropy": 0.4287904586241446,
          "mean_pred_expected_lag": 0.32859408625
        }
      ]
    },
    "noalign": {
      "overall": {
        "n": 2612,
        "expected_lag_mae": 0.04900459418070444,
        "expected_lag_rmse": 0.41782635959063136,
        "argmax_lag_mae": 0.04900459418070444,
        "argmax_lag_accuracy": 0.9816232771822359,
        "mean_pred_entropy": 6.355134856663565e-10,
        "mean_pred_expected_lag": 0.0
      },
      "lagged_only": {
        "n": 48,
        "expected_lag_mae": 2.6666666666666665,
        "expected_lag_rmse": 3.082207001484488,
        "argmax_lag_mae": 2.6666666666666665,
        "argmax_lag_accuracy": 0.0,
        "mean_pred_entropy": 6.355134856663565e-10,
        "mean_pred_expected_lag": 0.0
      },
      "no_lag_only": {
        "n": 2564,
        "expected_lag_mae": 0.0,
        "expected_lag_rmse": 0.0,
        "argmax_lag_mae": 0.0,
        "argmax_lag_accuracy": 1.0,
        "mean_pred_entropy": 6.355134856663565e-10,
        "mean_pred_expected_lag": 0.0
      },
      "per_lag": [
        {
          "model": "noalign",
          "lag_gt": 0,
          "n": 2564,
          "expected_lag_mae": 0.0,
          "expected_lag_rmse": 0.0,
          "argmax_lag_mae": 0.0,
          "argmax_lag_accuracy": 1.0,
          "mean_pred_entropy": 6.355134856663565e-10,
          "mean_pred_expected_lag": 0.0
        },
        {
          "model": "noalign",
          "lag_gt": 1,
          "n": 12,
          "expected_lag_mae": 1.0,
          "expected_lag_rmse": 1.0,
          "argmax_lag_mae": 1.0,
          "argmax_lag_accuracy": 0.0,
          "mean_pred_entropy": 6.355134856663565e-10,
          "mean_pred_expected_lag": 0.0
        },
        {
          "model": "noalign",
          "lag_gt": 2,
          "n": 16,
          "expected_lag_mae": 2.0,
          "expected_lag_rmse": 2.0,
          "argmax_lag_mae": 2.0,
          "argmax_lag_accuracy": 0.0,
          "mean_pred_entropy": 6.355134856663565e-10,
          "mean_pred_expected_lag": 0.0
        },
        {
          "model": "noalign",
          "lag_gt": 3,
          "n": 8,
          "expected_lag_mae": 3.0,
          "expected_lag_rmse": 3.0,
          "argmax_lag_mae": 3.0,
          "argmax_lag_accuracy": 0.0,
          "mean_pred_entropy": 6.355134856663565e-10,
          "mean_pred_expected_lag": 0.0
        },
        {
          "model": "noalign",
          "lag_gt": 4,
          "n": 4,
          "expected_lag_mae": 4.0,
          "expected_lag_rmse": 4.0,
          "argmax_lag_mae": 4.0,
          "argmax_lag_accuracy": 0.0,
          "mean_pred_entropy": 6.355134856663565e-10,
          "mean_pred_expected_lag": 0.0
        },
        {
          "model": "noalign",
          "lag_gt": 5,
          "n": 4,
          "expected_lag_mae": 5.0,
          "expected_lag_rmse": 5.0,
          "argmax_lag_mae": 5.0,
          "argmax_lag_accuracy": 0.0,
          "mean_pred_entropy": 6.355134856663565e-10,
          "mean_pred_expected_lag": 0.0
        },
        {
          "model": "noalign",
          "lag_gt": 6,
          "n": 4,
          "expected_lag_mae": 6.0,
          "expected_lag_rmse": 6.0,
          "argmax_lag_mae": 6.0,
          "argmax_lag_accuracy": 0.0,
          "mean_pred_entropy": 6.355134856663565e-10,
          "mean_pred_expected_lag": 0.0
        }
      ]
    }
  },
  "per_lag_comparison": [
    {
      "lag_gt": 0,
      "n": 2564,
      "aligned_expected_lag_mae": 0.24152081749375973,
      "noalign_expected_lag_mae": 0.0,
      "aligned_argmax_lag_accuracy": 0.9984399375975039,
      "noalign_argmax_lag_accuracy": 1.0,
      "aligned_mean_pred_expected_lag": 0.24152081749375973,
      "noalign_mean_pred_expected_lag": 0.0
    },
    {
      "lag_gt": 1,
      "n": 12,
      "aligned_expected_lag_mae": 0.8511277645833332,