{
  "raw_dataset": "/gpfs/projects/p32954/dimf_liquid_sugar_repo-490/data/processed/LiquidSugar_local_bump_mixed_balanced_evalsafe_segmentsplit_v3_rawgap.csv",
  "edge": "stage1_to_stage2",
  "n_test_rows_raw": 3370,
  "n_test_samples_compared": {
    "aligned": 2612,
    "noalign": 2612
  },
  "forecast_metrics": {
    "aligned": {
      "MAE": 6.265910625457764,
      "RMSE": 8.930216789245605,
      "R2": 0.3173195312003928
    },
    "noalign": {
      "MAE": 6.158771514892578,
      "RMSE": 8.746246337890625,
      "R2": 0.3451574290325472
    }
  },
  "lag_recovery": {
    "aligned": {
      "overall": {
        "n": 2612,
        "expected_lag_mae": 3.585739470712098,
        "expected_lag_rmse": 3.702676839527589,
        "argmax_lag_mae": 0.4892802450229709,
        "argmax_lag_accuracy": 0.7591883614088821,
        "mean_pred_entropy": 2.23507697314391,
        "mean_pred_expected_lag": 3.626199541462481
      },
      "lagged_only": {
        "n": 48,
        "expected_lag_mae": 1.6401222416666668,
        "expected_lag_rmse": 1.8268040676537451,
        "argmax_lag_mae": 2.375,
        "argmax_lag_accuracy": 0.125,
        "mean_pred_entropy": 2.318087094859101,
        "mean_pred_expected_lag": 3.841824425
      },
      "no_lag_only": {
        "n": 2564,
        "expected_lag_mae": 3.622162882176287,
        "expected_lag_rmse": 3.7288066009638237,
        "argmax_lag_mae": 0.4539781591263651,
        "argmax_lag_accuracy": 0.7710608424336973,
        "mean_pred_entropy": 2.2335229615049363,
        "mean_pred_expected_lag": 3.622162882176287
      },
      "per_lag": [
        {
          "model": "aligned",
          "lag_gt": 0,
          "n": 2564,
          "expected_lag_mae": 3.622162882176287,
          "expected_lag_rmse": 3.7288066009638237,
          "argmax_lag_mae": 0.4539781591263651,
          "argmax_lag_accuracy": 0.7710608424336973,
          "mean_pred_entropy": 2.2335229615049363,
          "mean_pred_expected_lag": 3.622162882176287
        },
        {
          "model": "aligned",
          "lag_gt": 1,
          "n": 12,
          "expected_lag_mae": 2.492919908333333,
          "expected_lag_rmse": 2.528990978954333,
          "argmax_lag_mae": 1.0,
          "argmax_lag_accuracy": 0.0,
          "mean_pred_entropy": 2.220991331075026,
          "mean_pred_expected_lag": 3.492919908333333
        },
        {
          "model": "aligned",
          "lag_gt": 2,
          "n": 16,
          "expected_lag_mae": 1.85066188125,
          "expected_lag_rmse": 1.9195481463397415,
          "argmax_lag_mae": 1.25,
          "argmax_lag_accuracy": 0.375,
          "mean_pred_entropy": 2.3221530690924275,
          "mean_pred_expected_lag": 3.8506618812500006
        },
        {
          "model": "aligned",
          "lag_gt": 3,
          "n": 8,
          "expected_lag_mae": 0.95653075,
          "expected_lag_rmse": 1.0067265145280893,
          "argmax_lag_mae": 3.0,
          "argmax_lag_accuracy": 0.0,
          "mean_pred_entropy": 2.34963657798712,
          "mean_pred_expected_lag": 3.9565307499999998
        },
        {
          "model": "aligned",
          "lag_gt": 4,
          "n": 4,
          "expected_lag_mae": 0.4593907749999999,
          "expected_lag_rmse": 0.5267648095321217,
          "argmax_lag_mae": 4.0,
          "argmax_lag_accuracy": 0.0,
          "mean_pred_entropy": 2.291278863046314,
          "mean_pred_expected_lag": 3.7350317250000002
        },
        {
          "model": "aligned",
          "lag_gt": 5,
          "n": 4,
          "expected_lag_mae": 0.8046036250000002,
          "expected_lag_rmse": 0.9707036844126495,
          "argmax_lag_mae": 4.5,
          "argmax_lag_accuracy": 0.0,
          "mean_pred_entropy": 2.415657487385139,
          "mean_pred_expected_lag": 4.195396375
        },
        {
          "model": "aligned",
          "lag_gt": 6,
          "n": 4,
          "expected_lag_mae": 1.6230037499999999,
          "expected_lag_rmse": 1.6952189835508655,
          "argmax_lag_mae": 6.0,
          "argmax_lag_accuracy": 0.0,
          "mean_pred_entropy": 2.459249362308726,
          "mean_pred_expected_lag": 4.37699625
        }
      ]
    },
    "noalign": {
      "overall": {
        "n": 2612,
        "expected_lag_mae": 0.04900459418070444,
        "expected_lag_rmse": 0.41782635959063136,
        "argmax_lag_mae": 0.04900459418070444,
        "argmax_lag_accuracy": 0.9816232771822359,
        "mean_pred_entropy": 6.355134856663565e-10,
        "mean_pred_expected_lag": 0.0
      },
      "lagged_only": {
        "n": 48,
        "expected_lag_mae": 2.6666666666666665,
        "expected_lag_rmse": 3.082207001484488,
        "argmax_lag_mae": 2.6666666666666665,
        "argmax_lag_accuracy": 0.0,
        "mean_pred_entropy": 6.355134856663565e-10,
        "mean_pred_expected_lag": 0.0
      },
      "no_lag_only": {
        "n": 2564,
        "expected_lag_mae": 0.0,
        "expected_lag_rmse": 0.0,
        "argmax_lag_mae": 0.0,
        "argmax_lag_accuracy": 1.0,
        "mean_pred_entropy": 6.355134856663565e-10,
        "mean_pred_expected_lag": 0.0
      },
      "per_lag": [
        {
          "model": "noalign",
          "lag_gt": 0,
          "n": 2564,
          "expected_lag_mae": 0.0,
          "expected_lag_rmse": 0.0,
          "argmax_lag_mae": 0.0,
          "argmax_lag_accuracy": 1.0,
          "mean_pred_entropy": 6.355134856663565e-10,
          "mean_pred_expected_lag": 0.0
        },
        {
          "model": "noalign",
          "lag_gt": 1,
          "n": 12,
          "expected_lag_mae": 1.0,
          "expected_lag_rmse": 1.0,
          "argmax_lag_mae": 1.0,
          "argmax_lag_accuracy": 0.0,
          "mean_pred_entropy": 6.355134856663565e-10,
          "mean_pred_expected_lag": 0.0
        },
        {
          "model": "noalign",
          "lag_gt": 2,
          "n": 16,
          "expected_lag_mae": 2.0,
          "expected_lag_rmse": 2.0,
          "argmax_lag_mae": 2.0,
          "argmax_lag_accuracy": 0.0,
          "mean_pred_entropy": 6.355134856663565e-10,
          "mean_pred_expected_lag": 0.0
        },
        {
          "model": "noalign",
          "lag_gt": 3,
          "n": 8,
          "expected_lag_mae": 3.0,
          "expected_lag_rmse": 3.0,
          "argmax_lag_mae": 3.0,
          "argmax_lag_accuracy": 0.0,
          "mean_pred_entropy": 6.355134856663565e-10,
          "mean_pred_expected_lag": 0.0
        },
        {
          "model": "noalign",
          "lag_gt": 4,
          "n": 4,
          "expected_lag_mae": 4.0,
          "expected_lag_rmse": 4.0,
          "argmax_lag_mae": 4.0,
          "argmax_lag_accuracy": 0.0,
          "mean_pred_entropy": 6.355134856663565e-10,
          "mean_pred_expected_lag": 0.0
        },
        {
          "model": "noalign",
          "lag_gt": 5,
          "n": 4,
          "expected_lag_mae": 5.0,
          "expected_lag_rmse": 5.0,
          "argmax_lag_mae": 5.0,
          "argmax_lag_accuracy": 0.0,
          "mean_pred_entropy": 6.355134856663565e-10,
          "mean_pred_expected_lag": 0.0
        },
        {
          "model": "noalign",
          "lag_gt": 6,
          "n": 4,
          "expected_lag_mae": 6.0,
          "expected_lag_rmse": 6.0,
          "argmax_lag_mae": 6.0,
          "argmax_lag_accuracy": 0.0,
          "mean_pred_entropy": 6.355134856663565e-10,
          "mean_pred_expected_lag": 0.0
        }
      ]
    }
  },
  "per_lag_comparison": [
    {
      "lag_gt": 0,
      "n": 2564,
      "aligned_expected_lag_mae": 3.622162882176287,
      "noalign_expected_lag_mae": 0.0,
      "aligned_argmax_lag_accuracy": 0.7710608424336973,
      "noalign_argmax_lag_accuracy": 1.0,
      "aligned_mean_pred_expected_lag": 3.622162882176287,
      "noalign_mean_pred_expected_lag": 0.0
    },
    {
      "lag_gt": 1,
      "n": 12,
      "aligned_expected_lag_mae": 2.492919908333333,
      "noalign_expected_lag_mae": 1.0,