{
  "n_runs": 5,
  "seeds": [
    42,
    134,
    456,
    321,
    712
  ],
  "summary": {
    "MSE": {
      "mean": 75.10858764648438,
      "std": 4.488416210647192,
      "formatted": "75.108588 ± 4.488416"
    },
    "MAE": {
      "mean": 6.1058094024658205,
      "std": 0.22473471457467142,
      "formatted": "6.105809 ± 0.224735"
    },
    "RMSE": {
      "mean": 8.662670516967774,
      "std": 0.2583219941048364,
      "formatted": "8.662671 ± 0.258322"
    },
    "R2": {
      "mean": 0.35704125345305116,
      "std": 0.03842259610887613,
      "formatted": "0.357041 ± 0.038423"
    },
    "scaled_MSE": {
      "mean": 0.88701171875,
      "std": 0.05300692999827507,
      "formatted": "0.887012 ± 0.053007"
    },
    "scaled_MAE": {
      "mean": 0.6635339021682739,
      "std": 0.024422500907598396,
      "formatted": "0.663534 ± 0.024423"
    },
    "scaled_RMSE": {
      "mean": 0.9413945198059082,
      "std": 0.028072503576082715,
      "formatted": "0.941395 ± 0.028073"
    },
    "scaled_R2": {
      "mean": 0.35704125405764625,
      "std": 0.03842259562766526,
      "formatted": "0.357041 ± 0.038423"
    },
    "n_test": {
      "value": 2612
    }
  }
}