{
  "raw_dataset": "/gpfs/projects/p32954/dimf_liquid_sugar_repo-490/data/processed/LiquidSugar_local_bump_mixed_balanced_evalsafe_segmentsplit_v3_rawgap.csv",
  "edge": "stage1_to_stage2",
  "n_test_rows_raw": 3370,
  "n_test_samples_compared": {
    "aligned": 2612,
    "noalign": 2612
  },
  "forecast_metrics": {
    "aligned": {
      "MAE": 5.7204060554504395,
      "RMSE": 8.319151878356934,
      "R2": 0.4075500826095575
    },
    "noalign": {
      "MAE": 6.0123701095581055,
      "RMSE": 8.552275657653809,
      "R2": 0.37388099709715217
    }
  },
  "lag_recovery": {
    "aligned": {
      "overall": {
        "n": 2612,
        "expected_lag_mae": 3.731434254977029,
        "expected_lag_rmse": 3.8359059627243925,
        "argmax_lag_mae": 1.2974732006125573,
        "argmax_lag_accuracy": 0.37136294027565087,
        "mean_pred_entropy": 2.2523865146323714,
        "mean_pred_expected_lag": 3.7637523477029102
      },
      "lagged_only": {
        "n": 48,
        "expected_lag_mae": 1.6708160770833331,
        "expected_lag_rmse": 1.9206432617344715,
        "argmax_lag_mae": 1.3333333333333333,
        "argmax_lag_accuracy": 0.25,
        "mean_pred_entropy": 2.150736618409827,
        "mean_pred_expected_lag": 3.42945895625
      },
      "no_lag_only": {
        "n": 2564,
        "expected_lag_mae": 3.7700105703198123,
        "expected_lag_rmse": 3.8627162078157267,
        "argmax_lag_mae": 1.296801872074883,
        "argmax_lag_accuracy": 0.3736349453978159,
        "mean_pred_entropy": 2.2542894768081445,
        "mean_pred_expected_lag": 3.7700105703198123
      },
      "per_lag": [
        {
          "model": "aligned",
          "lag_gt": 0,
          "n": 2564,
          "expected_lag_mae": 3.7700105703198123,
          "expected_lag_rmse": 3.8627162078157267,
          "argmax_lag_mae": 1.296801872074883,
          "argmax_lag_accuracy": 0.3736349453978159,
          "mean_pred_entropy": 2.2542894768081445,
          "mean_pred_expected_lag": 3.7700105703198123
        },
        {
          "model": "aligned",
          "lag_gt": 1,
          "n": 12,
          "expected_lag_mae": 2.6601668916666665,
          "expected_lag_rmse": 2.696342790068703,
          "argmax_lag_mae": 1.0833333333333333,
          "argmax_lag_accuracy": 0.0,
          "mean_pred_entropy": 2.2346247325815862,
          "mean_pred_expected_lag": 3.6601668916666665
        },
        {
          "model": "aligned",
          "lag_gt": 2,
          "n": 16,
          "expected_lag_mae": 1.52346680625,
          "expected_lag_rmse": 1.5867336030057622,
          "argmax_lag_mae": 0.5,
          "argmax_lag_accuracy": 0.75,
          "mean_pred_entropy": 2.190938154496327,
          "mean_pred_expected_lag": 3.52346680625
        },
        {
          "model": "aligned",
          "lag_gt": 3,
          "n": 8,
          "expected_lag_mae": 0.30223617500000005,
          "expected_lag_rmse": 0.3232535176464094,
          "argmax_lag_mae": 1.0,
          "argmax_lag_accuracy": 0.0,
          "mean_pred_entropy": 2.063041810583874,
          "mean_pred_expected_lag": 3.225046125
        },
        {
          "model": "aligned",
          "lag_gt": 4,
          "n": 4,
          "expected_lag_mae": 0.6349365,
          "expected_lag_rmse": 0.6367181182728507,
          "argmax_lag_mae": 2.0,
          "argmax_lag_accuracy": 0.0,
          "mean_pred_entropy": 2.1320181522737753,
          "mean_pred_expected_lag": 3.3650634999999998
        },
        {
          "model": "aligned",
          "lag_gt": 5,
          "n": 4,
          "expected_lag_mae": 1.879461225,
          "expected_lag_rmse": 1.8919329634771147,
          "argmax_lag_mae": 2.75,
          "argmax_lag_accuracy": 0.0,
          "mean_pred_entropy": 2.0443939284565675,
          "mean_pred_expected_lag": 3.120538775
        },
        {
          "model": "aligned",
          "lag_gt": 6,
          "n": 4,
          "expected_lag_mae": 2.8565549500000005,
          "expected_lag_rmse": 2.861984112479586,
          "argmax_lag_mae": 4.0,
          "argmax_lag_accuracy": 0.0,
          "mean_pred_entropy": 2.038716903289774,
          "mean_pred_expected_lag": 3.1434450499999995
        }
      ]
    },
    "noalign": {
      "overall": {
        "n": 2612,
        "expected_lag_mae": 0.04900459418070444,
        "expected_lag_rmse": 0.41782635959063136,
        "argmax_lag_mae": 0.04900459418070444,
        "argmax_lag_accuracy": 0.9816232771822359,
        "mean_pred_entropy": 6.355134856663565e-10,
        "mean_pred_expected_lag": 0.0
      },
      "lagged_only": {
        "n": 48,
        "expected_lag_mae": 2.6666666666666665,
        "expected_lag_rmse": 3.082207001484488,
        "argmax_lag_mae": 2.6666666666666665,
        "argmax_lag_accuracy": 0.0,
        "mean_pred_entropy": 6.355134856663565e-10,
        "mean_pred_expected_lag": 0.0
      },
      "no_lag_only": {
        "n": 2564,
        "expected_lag_mae": 0.0,
        "expected_lag_rmse": 0.0,
        "argmax_lag_mae": 0.0,
        "argmax_lag_accuracy": 1.0,
        "mean_pred_entropy": 6.355134856663565e-10,
        "mean_pred_expected_lag": 0.0
      },
      "per_lag": [
        {
          "model": "noalign",
          "lag_gt": 0,
          "n": 2564,
          "expected_lag_mae": 0.0,
          "expected_lag_rmse": 0.0,
          "argmax_lag_mae": 0.0,
          "argmax_lag_accuracy": 1.0,
          "mean_pred_entropy": 6.355134856663565e-10,
          "mean_pred_expected_lag": 0.0
        },
        {
          "model": "noalign",
          "lag_gt": 1,
          "n": 12,
          "expected_lag_mae": 1.0,
          "expected_lag_rmse": 1.0,
          "argmax_lag_mae": 1.0,
          "argmax_lag_accuracy": 0.0,
          "mean_pred_entropy": 6.355134856663565e-10,
          "mean_pred_expected_lag": 0.0
        },
        {
          "model": "noalign",
          "lag_gt": 2,
          "n": 16,
          "expected_lag_mae": 2.0,
          "expected_lag_rmse": 2.0,
          "argmax_lag_mae": 2.0,
          "argmax_lag_accuracy": 0.0,
          "mean_pred_entropy": 6.355134856663565e-10,
          "mean_pred_expected_lag": 0.0
        },
        {
          "model": "noalign",
          "lag_gt": 3,
          "n": 8,
          "expected_lag_mae": 3.0,
          "expected_lag_rmse": 3.0,
          "argmax_lag_mae": 3.0,
          "argmax_lag_accuracy": 0.0,
          "mean_pred_entropy": 6.355134856663565e-10,
          "mean_pred_expected_lag": 0.0
        },
        {
          "model": "noalign",
          "lag_gt": 4,
          "n": 4,
          "expected_lag_mae": 4.0,
          "expected_lag_rmse": 4.0,
          "argmax_lag_mae": 4.0,
          "argmax_lag_accuracy": 0.0,
          "mean_pred_entropy": 6.355134856663565e-10,
          "mean_pred_expected_lag": 0.0
        },
        {
          "model": "noalign",
          "lag_gt": 5,
          "n": 4,
          "expected_lag_mae": 5.0,
          "expected_lag_rmse": 5.0,
          "argmax_lag_mae": 5.0,
          "argmax_lag_accuracy": 0.0,
          "mean_pred_entropy": 6.355134856663565e-10,
          "mean_pred_expected_lag": 0.0
        },
        {
          "model": "noalign",
          "lag_gt": 6,
          "n": 4,
          "expected_lag_mae": 6.0,
          "expected_lag_rmse": 6.0,
          "argmax_lag_mae": 6.0,
          "argmax_lag_accuracy": 0.0,
          "mean_pred_entropy": 6.355134856663565e-10,
          "mean_pred_expected_lag": 0.0
        }
      ]
    }
  },
  "per_lag_comparison": [
    {
      "lag_gt": 0,
      "n": 2564,
      "aligned_expected_lag_mae": 3.7700105703198123,
      "noalign_expected_lag_mae": 0.0,
      "aligned_argmax_lag_accuracy": 0.3736349453978159,
      "noalign_argmax_lag_accuracy": 1.0,
      "aligned_mean_pred_expected_lag": 3.7700105703198123,
      "noalign_mean_pred_expected_lag": 0.0
    },
    {
      "lag_gt": 1,
      "n": 12,
      "aligned_expected_lag_mae": 2.6601668916666665,