{
  "raw_dataset": "/gpfs/projects/p32954/dimf_liquid_sugar_repo-490/data/processed/LiquidSugar_local_bump_mixed_balanced_evalsafe_segmentsplit_v3_rawgap.csv",
  "edge": "stage1_to_stage2",
  "n_test_rows_raw": 3370,
  "n_test_samples_compared": {
    "aligned": 2612,
    "noalign": 2612
  },
  "forecast_metrics": {
    "aligned": {
      "MAE": 6.388125419616699,
      "RMSE": 9.046917915344238,
      "R2": 0.2993602851302172
    },
    "noalign": {
      "MAE": 6.448637962341309,
      "RMSE": 9.076436042785645,
      "R2": 0.29478063030467316
    }
  },
  "lag_recovery": {
    "aligned": {
      "overall": {
        "n": 2612,
        "expected_lag_mae": 1.1547951962519143,
        "expected_lag_rmse": 1.3925725500532982,
        "argmax_lag_mae": 0.13016845329249618,
        "argmax_lag_accuracy": 0.9494640122511485,
        "mean_pred_entropy": 0.9510924306728937,
        "mean_pred_expected_lag": 1.1469948213820826
      },
      "lagged_only": {
        "n": 48,
        "expected_lag_mae": 1.6571592808333333,
        "expected_lag_rmse": 2.2529749363864457,
        "argmax_lag_mae": 2.625,
        "argmax_lag_accuracy": 0.020833333333333332,
        "mean_pred_entropy": 1.0507104321078196,
        "mean_pred_expected_lag": 1.2326888816666666
      },
      "no_lag_only": {
        "n": 2564,
        "expected_lag_mae": 1.145390564403276,
        "expected_lag_rmse": 1.371327130755424,
        "argmax_lag_mae": 0.08346333853354135,
        "argmax_lag_accuracy": 0.9668486739469578,
        "mean_pred_entropy": 0.9492275070890883,
        "mean_pred_expected_lag": 1.145390564403276
      },
      "per_lag": [
        {
          "model": "aligned",
          "lag_gt": 0,
          "n": 2564,
          "expected_lag_mae": 1.145390564403276,
          "expected_lag_rmse": 1.371327130755424,
          "argmax_lag_mae": 0.08346333853354135,
          "argmax_lag_accuracy": 0.9668486739469578,
          "mean_pred_entropy": 0.9492275070890883,
          "mean_pred_expected_lag": 1.145390564403276
        },
        {
          "model": "aligned",
          "lag_gt": 1,
          "n": 12,
          "expected_lag_mae": 0.46967227083333324,
          "expected_lag_rmse": 0.6716906848527081,
          "argmax_lag_mae": 1.0,
          "argmax_lag_accuracy": 0.0,
          "mean_pred_entropy": 0.9240647046708849,
          "mean_pred_expected_lag": 1.1454684125
        },
        {
          "model": "aligned",
          "lag_gt": 2,
          "n": 16,
          "expected_lag_mae": 0.991920278125,
          "expected_lag_rmse": 1.1054684756888615,
          "argmax_lag_mae": 1.875,
          "argmax_lag_accuracy": 0.0625,
          "mean_pred_entropy": 0.9926291532974181,
          "mean_pred_expected_lag": 1.2162686968749998
        },
        {
          "model": "aligned",
          "lag_gt": 3,
          "n": 8,
          "expected_lag_mae": 1.62460277875,
          "expected_lag_rmse": 1.8546267924694928,
          "argmax_lag_mae": 3.0,
          "argmax_lag_accuracy": 0.0,
          "mean_pred_entropy": 1.233587935891364,
          "mean_pred_expected_lag": 1.37539722125
        },
        {
          "model": "aligned",
          "lag_gt": 4,
          "n": 4,
          "expected_lag_mae": 2.3742774750000004,
          "expected_lag_rmse": 2.5574765549798637,
          "argmax_lag_mae": 4.0,
          "argmax_lag_accuracy": 0.0,
          "mean_pred_entropy": 1.3857873136287397,
          "mean_pred_expected_lag": 1.625722525
        },
        {
          "model": "aligned",
          "lag_gt": 5,
          "n": 4,
          "expected_lag_mae": 3.9425935175000006,
          "expected_lag_rmse": 4.028186150798378,
          "argmax_lag_mae": 5.0,
          "argmax_lag_accuracy": 0.0,
          "mean_pred_entropy": 0.9982999400106645,
          "mean_pred_expected_lag": 1.0574064825
        },
        {
          "model": "aligned",
          "lag_gt": 6,
          "n": 4,
          "expected_lag_mae": 4.943136895,
          "expected_lag_rmse": 5.002274918780264,
          "argmax_lag_mae": 6.0,
          "argmax_lag_accuracy": 0.0,
          "mean_pred_entropy": 1.014551332669377,
          "mean_pred_expected_lag": 1.0568631050000001
        }
      ]
    },
    "noalign": {
      "overall": {
        "n": 2612,
        "expected_lag_mae": 0.04900459418070444,
        "expected_lag_rmse": 0.41782635959063136,
        "argmax_lag_mae": 0.04900459418070444,
        "argmax_lag_accuracy": 0.9816232771822359,
        "mean_pred_entropy": 6.355134856663565e-10,
        "mean_pred_expected_lag": 0.0
      },
      "lagged_only": {
        "n": 48,
        "expected_lag_mae": 2.6666666666666665,
        "expected_lag_rmse": 3.082207001484488,
        "argmax_lag_mae": 2.6666666666666665,
        "argmax_lag_accuracy": 0.0,
        "mean_pred_entropy": 6.355134856663565e-10,
        "mean_pred_expected_lag": 0.0
      },
      "no_lag_only": {
        "n": 2564,
        "expected_lag_mae": 0.0,
        "expected_lag_rmse": 0.0,
        "argmax_lag_mae": 0.0,
        "argmax_lag_accuracy": 1.0,
        "mean_pred_entropy": 6.355134856663565e-10,
        "mean_pred_expected_lag": 0.0
      },
      "per_lag": [
        {
          "model": "noalign",
          "lag_gt": 0,
          "n": 2564,
          "expected_lag_mae": 0.0,
          "expected_lag_rmse": 0.0,
          "argmax_lag_mae": 0.0,
          "argmax_lag_accuracy": 1.0,
          "mean_pred_entropy": 6.355134856663565e-10,
          "mean_pred_expected_lag": 0.0
        },
        {
          "model": "noalign",
          "lag_gt": 1,
          "n": 12,
          "expected_lag_mae": 1.0,
          "expected_lag_rmse": 1.0,
          "argmax_lag_mae": 1.0,
          "argmax_lag_accuracy": 0.0,
          "mean_pred_entropy": 6.355134856663565e-10,
          "mean_pred_expected_lag": 0.0
        },
        {
          "model": "noalign",
          "lag_gt": 2,
          "n": 16,
          "expected_lag_mae": 2.0,
          "expected_lag_rmse": 2.0,
          "argmax_lag_mae": 2.0,
          "argmax_lag_accuracy": 0.0,
          "mean_pred_entropy": 6.355134856663565e-10,
          "mean_pred_expected_lag": 0.0
        },
        {
          "model": "noalign",
          "lag_gt": 3,
          "n": 8,
          "expected_lag_mae": 3.0,
          "expected_lag_rmse": 3.0,
          "argmax_lag_mae": 3.0,
          "argmax_lag_accuracy": 0.0,
          "mean_pred_entropy": 6.355134856663565e-10,
          "mean_pred_expected_lag": 0.0
        },
        {
          "model": "noalign",
          "lag_gt": 4,
          "n": 4,
          "expected_lag_mae": 4.0,
          "expected_lag_rmse": 4.0,
          "argmax_lag_mae": 4.0,
          "argmax_lag_accuracy": 0.0,
          "mean_pred_entropy": 6.355134856663565e-10,
          "mean_pred_expected_lag": 0.0
        },
        {
          "model": "noalign",
          "lag_gt": 5,
          "n": 4,
          "expected_lag_mae": 5.0,
          "expected_lag_rmse": 5.0,
          "argmax_lag_mae": 5.0,
          "argmax_lag_accuracy": 0.0,
          "mean_pred_entropy": 6.355134856663565e-10,
          "mean_pred_expected_lag": 0.0
        },
        {
          "model": "noalign",
          "lag_gt": 6,
          "n": 4,
          "expected_lag_mae": 6.0,
          "expected_lag_rmse": 6.0,
          "argmax_lag_mae": 6.0,
          "argmax_lag_accuracy": 0.0,
          "mean_pred_entropy": 6.355134856663565e-10,
          "mean_pred_expected_lag": 0.0
        }
      ]
    }
  },
  "per_lag_comparison": [
    {
      "lag_gt": 0,
      "n": 2564,
      "aligned_expected_lag_mae": 1.145390564403276,
      "noalign_expected_lag_mae": 0.0,
      "aligned_argmax_lag_accuracy": 0.9668486739469578,
      "noalign_argmax_lag_accuracy": 1.0,
      "aligned_mean_pred_expected_lag": 1.145390564403276,
      "noalign_mean_pred_expected_lag": 0.0
    },
    {
      "lag_gt": 1,
      "n": 12,
      "aligned_expected_lag_mae": 0.46967227083333324,